name,team,goals,big_chances_missed,success_ful_dribbles,total_shots,goal_conversion_percentage,rating,league,tackles,interceptions,clearances,error_lead_to_goal,blocked_shots,bigChancesCreated,assists,accuratePasses,accuratePassesPercentage,keyPasses,saves,penalty_save,saved_shots_from_inside_the_box,runs_out
Marcelo Rangel,goias,0,0,0,0,0.0,7.7,A/2019,0,0,0,0,0,0,0,9,75,0,7,0,3,1
Giorgian De Arrascaeta,flamengo,13,4,50,35,37.14,7.7,A/2019,43,10,5,0,0,19,14,777,77,57,,,,
Rodrygo,santos,1,1,14,13,7.69,7.65,A/2019,7,3,0,0,0,3,2,111,82,7,,,,
Evanilson,fluminense,2,0,0,4,50.0,7.55,A/2019,1,0,1,0,0,0,0,20,66,0,,,,
Dudu,palmeiras,9,5,85,75,12.0,7.52,A/2019,15,10,3,0,1,19,11,786,78,89,,,,
Lucas Piton,corinthians,0,0,0,1,0.0,7.5,A/2019,4,1,0,0,0,1,1,22,84,1,,,,
Gabriel Barbosa,flamengo,25,16,39,96,26.04,7.47,A/2019,17,2,0,0,0,14,8,584,80,31,,,,
Vanderlei,santos,0,0,0,0,0.0,7.43,A/2019,0,0,3,0,0,0,0,96,71,0,26,0,16,1
Walter,corinthians,0,0,0,0,0.0,7.42,A/2019,0,0,5,0,0,0,0,117,68,0,28,1,19,0
João Ricardo,chapecoense,0,0,0,0,0.0,7.42,A/2019,0,1,20,0,0,0,0,196,58,0,56,0,38,4
Gabriel Veron,palmeiras,2,0,3,3,66.67,7.37,A/2019,2,0,0,0,0,1,1,13,72,1,,,,
Rafinha,csa,1,0,2,10,10.0,7.36,A/2019,20,12,15,0,4,3,1,160,80,19,,,,
Dani Alves,sao-paulo,2,0,36,23,8.7,7.33,A/2019,51,9,11,0,1,6,3,1093,83,64,,,,
Carlos Sánchez,santos,12,7,12,70,17.14,7.31,A/2019,43,14,11,0,2,14,9,774,74,88,,,,
Nikão,athletico-paranaense,5,5,30,51,9.8,7.31,A/2019,30,13,14,0,1,7,2,645,83,36,,,,
Alisson,gremio,4,1,27,25,16.0,7.31,A/2019,17,17,17,0,2,5,6,810,85,55,,,,
Rildo,chapecoense,2,2,10,10,20.0,7.3,A/2019,2,1,0,0,0,0,0,81,84,6,,,,
Danilo Fernandes,internacional,0,0,0,0,0.0,7.3,A/2019,0,0,6,0,0,0,0,55,61,0,22,0,15,0
Jean Pyerre,gremio,3,2,22,13,23.08,7.29,A/2019,7,6,1,0,1,1,2,595,92,13,,,,
Bruno Guimarães,athletico-paranaense,2,1,37,25,8.0,7.28,A/2019,38,28,16,0,4,5,1,1432,88,45,,,,
Marcos Rocha,palmeiras,2,0,21,12,16.67,7.28,A/2019,116,52,54,0,4,5,3,1066,76,53,,,,
Ferreira,gremio,1,1,10,4,25.0,7.28,A/2019,3,0,1,0,0,1,2,36,81,3,,,,
Marco Antônio,bahia,1,0,13,5,20.0,7.25,A/2019,12,1,0,0,0,2,1,95,80,9,,,,
Marcelo Benevenuto,botafogo,2,0,3,8,25.0,7.24,A/2019,10,13,115,0,29,1,1,684,85,3,,,,
Artur,bahia,7,5,72,47,14.89,7.23,A/2019,32,19,7,0,1,9,3,724,76,61,,,,
Víctor Cuesta,internacional,1,1,44,15,6.67,7.22,A/2019,73,64,103,0,23,1,1,1265,86,10,,,,
Jordi,csa,0,0,0,0,0.0,7.22,A/2019,1,2,39,1,0,0,0,324,50,2,129,2,65,0
Marcos Felipe,fluminense,0,0,0,0,0.0,7.22,A/2019,0,0,7,0,0,0,0,90,60,0,18,0,5,3
Marcelo Boeck,fortaleza,0,0,0,0,0.0,7.21,A/2019,0,0,17,0,0,0,0,143,75,0,27,0,16,1
Juninho,fortaleza,3,0,30,35,8.57,7.21,A/2019,59,26,37,0,10,10,6,1502,87,55,,,,
Iago,internacional,0,0,7,1,0.0,7.2,A/2019,6,7,6,0,4,2,1,186,80,9,,,,
Murilo Cerqueira,cruzeiro,0,0,0,0,0.0,7.2,A/2019,1,3,7,0,3,0,0,17,77,0,,,,
Paolo Guerrero,internacional,10,8,24,62,16.13,7.2,A/2019,11,2,25,0,3,4,1,461,75,32,,,,
Rafael Sóbis,internacional,2,1,13,34,5.88,7.19,A/2019,14,2,6,0,0,4,3,381,87,29,,,,
Yeferson Soteldo,santos,9,6,120,53,16.98,7.19,A/2019,28,8,4,0,0,11,5,543,77,55,,,,
Gatito Fernández,botafogo,0,0,0,0,0.0,7.19,A/2019,0,0,22,1,0,0,0,568,70,0,117,0,61,2
Adilson,atletico-mineiro,1,0,1,3,33.33,7.18,A/2019,7,10,6,0,4,0,0,300,95,2,,,,
Diego Cavalieri,botafogo,0,0,0,0,0.0,7.18,A/2019,0,0,8,0,0,0,0,133,72,0,38,0,20,0
Renê,flamengo,0,0,12,4,0.0,7.18,A/2019,64,30,33,0,6,2,2,922,81,28,,,,
Antony Santos,sao-paulo,4,4,70,50,8.0,7.18,A/2019,47,20,4,0,0,6,6,1074,83,38,,,,
Everton Ribeiro,flamengo,2,1,56,31,6.45,7.17,A/2019,38,17,4,0,3,15,7,1183,82,85,,,,
Vitinho,flamengo,5,3,46,32,15.63,7.16,A/2019,20,3,10,0,1,10,3,367,81,42,,,,
Tiago Volpi,sao-paulo,0,0,4,0,0.0,7.16,A/2019,3,3,42,0,0,1,0,634,68,3,110,0,56,7
Rodrigo Moledo,internacional,1,1,6,12,8.33,7.15,A/2019,31,24,61,0,10,1,0,507,85,2,,,,
Walce,sao-paulo,0,0,0,0,0.0,7.15,A/2019,3,7,18,0,5,0,0,202,85,1,,,,
Lucas Frigeri,avai,0,0,0,0,0.0,7.15,A/2019,0,0,3,0,0,0,0,60,60,0,17,0,11,1
Santos,athletico-paranaense,0,0,1,0,0.0,7.15,A/2019,1,1,18,0,0,0,0,632,74,0,95,2,52,4
Bruno Henrique,palmeiras,10,2,25,45,22.22,7.14,A/2019,47,19,34,0,8,6,2,1513,88,44,,,,
Pedrinho,corinthians,5,3,67,50,10.0,7.14,A/2019,26,18,3,0,1,9,4,844,83,56,,,,
Andres D'Alessandro,internacional,1,1,16,25,4.0,7.14,A/2019,11,7,2,0,0,3,3,1062,84,46,,,,
Luan,gremio,4,1,29,24,16.67,7.14,A/2019,17,6,3,0,0,5,6,632,84,32,,,,
Marinho,santos,8,5,52,58,13.79,7.13,A/2019,32,7,3,0,1,7,4,356,77,34,,,,
Bruno Henrique,flamengo,21,16,45,78,26.92,7.13,A/2019,31,9,25,0,2,10,4,550,75,39,,,,
Fagner,corinthians,1,0,28,10,10.0,7.13,A/2019,69,33,56,0,6,6,3,1083,79,48,,,,
David Braz,gremio,2,0,4,17,11.76,7.13,A/2019,28,26,76,0,19,2,2,899,87,6,,,,
Douglas Friedrich,bahia,0,0,0,0,0.0,7.12,A/2019,2,2,48,1,0,0,0,411,55,2,117,1,57,18
Maicon,gremio,3,0,7,10,30.0,7.12,A/2019,11,16,7,0,3,4,3,1308,92,22,,,,
Digão,fluminense,1,0,4,10,10.0,7.12,A/2019,28,38,72,0,20,1,0,1114,92,1,,,,
Juan Cazares,atletico-mineiro,6,0,32,45,13.33,7.12,A/2019,18,4,6,0,0,10,1,792,81,69,,,,
Rodrigo Lindoso,internacional,4,2,4,25,16.0,7.11,A/2019,49,52,43,1,12,2,2,1557,88,15,,,,
Muriel,fluminense,0,0,0,0,0.0,7.11,A/2019,1,0,21,2,0,0,0,336,70,1,82,0,47,5
Paulo Miranda,gremio,1,0,1,2,50.0,7.11,A/2019,25,9,52,0,9,0,0,519,87,1,,,,
Tadeu,goias,0,0,0,0,0.0,7.11,A/2019,1,3,47,2,0,1,0,473,58,2,139,2,82,9
Weverton,palmeiras,0,0,0,0,0.0,7.11,A/2019,0,0,23,0,0,2,0,338,60,3,95,1,39,4
Paulo Victor,gremio,0,0,1,0,0.0,7.1,A/2019,0,2,18,1,0,0,0,254,55,0,84,0,48,1
Reinaldo,sao-paulo,5,3,40,44,11.36,7.1,A/2019,74,33,54,0,13,5,1,1037,79,48,,,,
Réver,atletico-mineiro,1,2,15,21,4.76,7.1,A/2019,34,37,128,1,29,2,1,1010,85,11,,,,
Tonhão Rodrigues,gremio,0,0,0,1,0.0,7.1,A/2019,19,9,37,0,5,0,1,289,88,2,,,,
Lucas Perri,sao-paulo,0,0,0,0,0.0,7.1,A/2019,0,0,1,0,0,0,0,19,63,0,5,0,1,0
Cleiton,atletico-mineiro,0,0,1,0,0.0,7.1,A/2019,0,0,43,1,0,0,0,302,56,0,84,1,41,13
Madson,athletico-paranaense,5,4,6,14,35.71,7.1,A/2019,35,35,74,0,9,5,1,763,79,29,,,,
Lucas Veríssimo,santos,2,5,22,26,7.69,7.09,A/2019,63,74,149,0,18,1,1,1787,86,6,,,,
Jair,atletico-mineiro,2,2,14,8,25.0,7.09,A/2019,30,20,15,0,3,0,0,439,89,7,,,,
Jorge,santos,1,1,50,29,3.45,7.08,A/2019,59,59,39,0,6,4,4,901,80,29,,,,
Walter Kannemann,gremio,1,0,9,4,25.0,7.08,A/2019,39,38,50,0,18,0,0,630,85,0,,,,
Gustavo Gómez,palmeiras,3,2,2,14,21.43,7.08,A/2019,28,28,126,0,16,0,0,788,87,7,,,,
Pedro Henrique,athletico-paranaense,0,1,4,7,0.0,7.08,A/2019,22,19,74,0,12,0,0,727,87,1,,,,
Dedé,cruzeiro,3,1,1,15,20.0,7.08,A/2019,22,25,101,0,20,0,0,733,81,3,,,,
Henrique,corinthians,0,0,0,0,0.0,7.08,A/2019,0,3,31,0,6,0,0,181,93,0,,,,
Thiago Heleno,athletico-paranaense,0,0,0,11,0.0,7.08,A/2019,14,24,52,0,5,1,0,857,88,6,,,,
Danielzinho,fluminense,1,1,24,23,4.35,7.07,A/2019,32,11,6,0,2,6,3,1652,89,55,,,,
Luciano,gremio,7,5,30,37,18.92,7.07,A/2019,31,14,20,0,1,4,4,667,84,25,,,,
Rafael,cruzeiro,0,0,0,0,0.0,7.07,A/2019,0,0,6,0,0,0,0,43,60,0,13,0,8,1
Cícero,botafogo,3,3,12,27,11.11,7.06,A/2019,34,28,93,0,21,3,1,1477,88,18,,,,
Robert Arboleda,sao-paulo,1,2,7,20,5.0,7.06,A/2019,46,25,151,0,24,1,1,1178,84,8,,,,
Rafael Vaz,goias,5,0,7,56,8.93,7.06,A/2019,28,39,168,0,33,2,1,892,72,18,,,,
Bruno Fuchs,internacional,0,0,6,3,0.0,7.06,A/2019,6,18,46,0,3,0,0,454,83,6,,,,
Luiz Otávio,ceara-sc,2,2,8,7,28.57,7.05,A/2019,36,49,119,0,21,1,1,876,87,2,,,,
Abner,athletico-paranaense,0,0,4,0,0.0,7.05,A/2019,1,4,5,0,0,0,2,71,80,5,,,,
João Paulo,botafogo,3,0,21,28,10.71,7.05,A/2019,89,42,57,0,9,8,2,1423,83,45,,,,
Léo Sena,goias,0,0,69,8,0.0,7.05,A/2019,64,42,9,0,5,2,2,1176,85,36,,,,
Yimmi Chará,atletico-mineiro,3,3,27,26,11.54,7.04,A/2019,17,17,3,0,0,5,1,608,88,23,,,,
Wellington Paulista,fortaleza,13,7,12,56,23.21,7.04,A/2019,17,4,30,0,2,6,3,253,70,20,,,,
Thiago Carleto,ceara-sc,0,0,0,5,0.0,7.04,A/2019,6,3,9,0,0,0,0,173,75,8,,,,
Roberto,internacional,0,1,2,2,0.0,7.04,A/2019,7,4,30,0,5,0,0,205,83,3,,,,
Reinier,flamengo,6,5,8,17,35.29,7.04,A/2019,17,4,2,0,1,2,2,169,79,10,,,,
Rafinha,flamengo,0,0,15,2,0.0,7.04,A/2019,41,22,22,0,3,4,5,1006,89,30,,,,
Matheus Henrique,gremio,0,0,53,9,0.0,7.04,A/2019,32,20,15,0,4,0,1,1357,91,20,,,,
Fernando Prass,palmeiras,0,0,0,0,0.0,7.03,A/2019,0,0,1,0,0,0,0,45,72,0,4,0,1,0
Kayke Rodrigues,goias,6,3,11,34,17.65,7.03,A/2019,3,3,14,0,3,5,3,267,80,19,,,,
Rómulo Otero,atletico-mineiro,3,3,65,55,5.45,7.03,A/2019,23,9,8,0,4,4,1,310,79,30,,,,
Pedro Geromel,gremio,3,1,4,10,30.0,7.03,A/2019,36,32,65,0,11,0,0,828,85,3,,,,
Marcelo Lomba,internacional,0,0,0,1,0.0,7.03,A/2019,0,1,30,1,0,0,0,441,65,0,111,1,56,4
Emerson Santos,internacional,1,0,5,5,20.0,7.03,A/2019,17,11,49,0,10,0,0,439,84,3,,,,
Camacho,athletico-paranaense,0,0,5,2,0.0,7.03,A/2019,25,7,2,0,2,1,1,436,88,9,,,,
Gabriel,botafogo,1,1,3,10,10.0,7.03,A/2019,26,43,181,0,40,1,1,1682,88,3,,,,
Allan,fluminense,0,1,47,31,0.0,7.02,A/2019,34,40,21,0,6,2,1,2016,90,19,,,,
Nico López,internacional,1,6,58,40,2.5,7.01,A/2019,19,4,5,0,0,8,3,502,83,39,,,,
Gustavo Scarpa,palmeiras,4,3,19,45,8.89,7.01,A/2019,15,9,2,0,1,5,4,535,79,39,,,,
William Pottker,internacional,4,1,16,17,23.53,7.01,A/2019,10,5,3,0,0,1,0,173,81,11,,,,
Deyverson,palmeiras,5,7,18,41,12.2,7.01,A/2019,17,5,17,0,1,7,2,221,59,27,,,,
Leo Pereira,athletico-paranaense,2,2,4,17,11.76,7.01,A/2019,33,42,86,0,17,1,0,1721,86,15,,,,
Leandro Castán,vasco-da-gama,2,1,1,12,16.67,7.0,A/2019,23,35,95,0,18,1,1,630,84,6,,,,
Thiago Neves,cruzeiro,6,6,24,65,9.23,7.0,A/2019,17,7,9,0,1,8,5,814,83,42,,,,
Fernando Miguel,vasco-da-gama,0,0,0,0,0.0,7.0,A/2019,0,1,36,1,0,0,0,312,51,1,93,0,56,4
Diego Alves,flamengo,0,0,1,0,0.0,7.0,A/2019,1,0,17,1,1,0,0,461,74,0,87,2,57,9
Éverson,santos,0,0,0,0,0.0,7.0,A/2019,2,0,37,0,0,0,0,778,75,2,77,1,37,17
Everaldo,chapecoense,13,8,53,86,15.12,7.0,A/2019,20,8,35,0,4,4,1,486,68,40,,,,
Yago Pikachu,vasco-da-gama,5,3,15,33,15.15,7.0,A/2019,39,38,65,0,9,5,2,1068,82,40,,,,
Willian Arão,flamengo,2,4,13,26,7.69,7.0,A/2019,64,51,45,0,13,2,5,1633,89,30,,,,
Jonathan,athletico-paranaense,1,0,2,2,50.0,7.0,A/2019,2,10,5,0,4,1,0,228,84,9,,,,
Vitor Gabriel,flamengo,0,0,0,1,0.0,7.0,A/2019,0,1,0,0,0,0,1,5,83,1,,,,
Luis Henrique,botafogo,0,0,5,2,0.0,7.0,A/2019,1,1,1,0,0,1,1,23,82,2,,,,
Léo,athletico-paranaense,0,0,0,0,0.0,7.0,A/2019,0,0,9,1,0,0,0,133,70,0,19,0,11,6
Gerson,flamengo,2,2,36,16,12.5,7.0,A/2019,40,20,19,0,2,5,3,1154,88,25,,,,
Felipe Melo,palmeiras,3,2,16,24,12.5,6.99,A/2019,42,32,59,0,10,1,1,909,87,13,,,,
Victor,atletico-mineiro,0,0,1,0,0.0,6.99,A/2019,1,0,13,0,0,0,0,121,51,0,33,0,20,3
Nenê,fluminense,3,2,28,27,11.11,6.99,A/2019,23,12,6,1,6,3,3,660,78,52,,,,
Luiz Adriano,palmeiras,6,4,4,14,42.86,6.98,A/2019,4,2,6,0,0,1,1,127,80,11,,,,
Paulão,fortaleza,2,2,2,4,50.0,6.98,A/2019,11,10,77,0,12,0,0,447,86,0,,,,
Celsinho,csa,0,0,6,1,0.0,6.98,A/2019,26,22,26,0,3,1,1,285,81,10,,,,
Tinga,fortaleza,4,1,19,9,44.44,6.98,A/2019,28,35,60,0,4,3,2,547,73,22,,,,
Ganso,fluminense,2,2,39,27,7.41,6.98,A/2019,31,8,7,0,9,5,0,1554,90,47,,,,
Luan,palmeiras,0,3,5,7,0.0,6.98,A/2019,38,42,69,0,10,0,0,650,82,4,,,,
Evandro,santos,1,0,9,10,10.0,6.98,A/2019,25,10,5,0,2,5,5,353,84,27,,,,
Danilo Barcelos,vasco-da-gama,2,0,1,15,13.33,6.98,A/2019,33,23,37,0,5,6,2,504,78,41,,,,
Marllon,corinthians,0,0,0,2,0.0,6.98,A/2019,2,5,20,0,3,0,0,194,88,0,,,,
Diego,flamengo,1,4,14,21,4.76,6.97,A/2019,12,4,2,0,0,2,1,533,88,22,,,,
Everaldo,corinthians,1,0,18,13,7.69,6.97,A/2019,17,1,4,0,1,1,1,174,84,8,,,,
Bruno Alves,sao-paulo,1,1,10,23,4.35,6.97,A/2019,31,36,144,0,24,1,1,1210,86,9,,,,
Gustavo Henrique,santos,3,1,5,17,17.65,6.97,A/2019,27,39,137,0,23,0,0,1582,86,4,,,,
Bruno Melo,fortaleza,3,3,8,11,27.27,6.97,A/2019,19,10,45,0,2,3,3,385,82,8,,,,
Cássio,corinthians,0,0,1,0,0.0,6.97,A/2019,0,1,22,1,0,0,0,569,67,1,85,1,45,3
Abner,athletico-paranaense,0,0,4,3,0.0,6.97,A/2019,23,3,8,0,2,0,1,194,78,6,,,,
Eduardo Sasha,santos,14,13,10,65,21.54,6.96,A/2019,22,15,25,0,5,3,3,605,80,36,,,,
Danilo Avelar,corinthians,2,1,11,12,16.67,6.96,A/2019,33,41,63,0,6,0,0,784,75,13,,,,
Lincoln,flamengo,3,3,8,16,18.75,6.96,A/2019,6,0,0,0,0,3,1,75,77,8,,,,
Anderson Martins,sao-paulo,0,0,4,1,0.0,6.96,A/2019,11,14,49,0,8,0,0,418,87,0,,,,
Henrique,cruzeiro,0,1,13,16,0.0,6.96,A/2019,74,53,45,0,16,2,0,1633,89,23,,,,
Gum,chapecoense,1,2,2,15,6.67,6.96,A/2019,17,22,95,1,24,0,0,561,77,2,,,,
Ricardinho,ceara-sc,1,4,12,38,2.63,6.95,A/2019,56,30,30,0,13,6,6,1174,80,56,,,,
Fabrício Bruno,cruzeiro,0,0,0,6,0.0,6.95,A/2019,20,13,71,0,16,0,0,727,85,6,,,,
Fredy Guarin,vasco-da-gama,3,2,27,15,20.0,6.95,A/2019,16,6,7,0,3,3,0,207,76,16,,,,
Hudson,sao-paulo,1,0,8,6,16.67,6.95,A/2019,27,14,25,0,7,1,1,489,84,9,,,,
Paulinho,bahia,0,0,1,0,0.0,6.95,A/2019,6,3,3,0,2,1,0,48,69,2,,,,
Romário Rodrigues,ceara-sc,0,0,1,1,0.0,6.95,A/2019,4,1,1,0,0,1,0,12,66,2,,,,
César,flamengo,0,0,0,0,0.0,6.95,A/2019,0,0,3,0,0,0,0,52,61,0,20,0,7,2
Felipe Aguilar,santos,0,1,3,2,0.0,6.95,A/2019,25,28,58,2,23,0,0,736,88,2,,,,
Diego Torres,chapecoense,1,0,11,13,7.69,6.95,A/2019,8,4,0,0,0,1,1,256,85,18,,,,
Manoel,corinthians,1,1,1,13,7.69,6.95,A/2019,35,22,137,1,18,0,0,1372,87,2,,,,
Rossi,vasco-da-gama,2,8,39,37,5.41,6.94,A/2019,47,17,11,0,1,5,4,395,64,37,,,,
Gustavo Cuéllar,flamengo,0,1,7,1,0.0,6.94,A/2019,27,13,9,0,1,1,0,458,92,6,,,,
Antônio Carlos,palmeiras,0,0,0,2,0.0,6.94,A/2019,10,5,21,0,8,0,0,202,82,1,,,,
Vladimir,avai,0,0,1,0,0.0,6.94,A/2019,0,0,19,1,0,0,0,498,66,0,120,0,71,1
Gilberto,bahia,14,13,12,66,21.21,6.94,A/2019,24,2,24,0,1,3,3,308,69,18,,,,
Rony,athletico-paranaense,6,10,56,69,8.7,6.94,A/2019,28,13,7,0,2,10,8,462,76,60,,,,
Tchê Tchê,sao-paulo,1,3,46,27,3.7,6.94,A/2019,51,30,16,0,9,1,0,1511,89,42,,,,
Léo Cittadini,athletico-paranaense,4,3,18,25,16.0,6.94,A/2019,29,9,2,0,4,4,1,496,89,25,,,,
Bruno Cortêz,gremio,1,0,24,2,50.0,6.94,A/2019,34,20,29,0,1,3,2,740,86,22,,,,
Élber,bahia,3,3,49,24,12.5,6.94,A/2019,19,6,4,0,1,7,2,557,78,36,,,,
Ramon,avai,0,0,1,0,0.0,6.93,A/2019,11,1,5,0,0,1,0,74,83,4,,,,
Dodô,cruzeiro,0,0,11,9,0.0,6.93,A/2019,30,26,29,0,7,2,0,597,85,15,,,,
Thiago Galhardo,ceara-sc,12,11,48,62,19.35,6.93,A/2019,29,8,27,0,4,4,1,511,73,34,,,,
Felipe Alves,fortaleza,0,0,5,0,0.0,6.93,A/2019,1,1,46,1,0,0,0,1007,77,1,96,1,58,4
Ralf,corinthians,1,0,7,7,14.29,6.93,A/2019,50,42,46,1,15,0,0,712,85,7,,,,
Caio Henrique,fluminense,1,3,45,11,9.09,6.93,A/2019,67,29,24,0,7,7,2,1702,88,55,,,,
Rafael Moura,goias,9,4,12,41,21.95,6.93,A/2019,12,4,27,0,3,1,1,234,63,15,,,,
Juninho Capixaba,gremio,0,0,18,4,0.0,6.92,A/2019,29,20,35,0,7,0,1,656,83,16,,,,
Thalles,goias,1,1,5,9,11.11,6.92,A/2019,10,7,2,0,1,3,1,251,89,20,,,,
Bruno Pacheco,chapecoense,0,0,38,9,0.0,6.92,A/2019,84,54,83,0,10,4,5,823,77,42,,,,
Fellipe Bastos,vasco-da-gama,1,2,3,20,5.0,6.92,A/2019,33,8,8,0,2,0,0,308,86,8,,,,
Zeca,internacional,0,0,23,4,0.0,6.92,A/2019,40,13,36,0,4,0,0,876,87,15,,,,
Gregore,bahia,0,0,42,17,0.0,6.91,A/2019,102,54,63,0,8,3,4,1715,85,29,,,,
Betão,avai,0,0,13,2,0.0,6.91,A/2019,37,63,125,1,20,0,0,1024,81,7,,,,
Everton,gremio,11,8,93,59,18.64,6.91,A/2019,29,14,1,0,2,5,5,652,82,28,,,,
Alerrandro,atletico-mineiro,2,6,4,18,11.11,6.91,A/2019,7,0,3,0,0,1,1,87,76,7,,,,
Diego Souza,botafogo,7,7,28,35,20.0,6.91,A/2019,8,3,16,0,3,5,1,592,77,34,,,,
Yony González,fluminense,6,6,30,83,7.23,6.91,A/2019,31,14,27,0,4,6,2,440,74,38,,,,
Gustavo,corinthians,5,6,2,33,15.15,6.91,A/2019,11,4,8,0,1,2,2,155,67,16,,,,
Marquinhos,atletico-mineiro,1,0,21,13,7.69,6.91,A/2019,13,5,0,0,0,2,3,157,78,13,,,,
Jonatan Gómez,csa,5,1,32,40,12.5,6.91,A/2019,37,11,10,0,2,3,3,629,81,40,,,,
Diogo Silva,ceara-sc,0,0,1,0,0.0,6.91,A/2019,1,0,40,1,0,0,0,435,57,1,105,0,59,5
Pablo Marí,flamengo,2,3,4,9,22.22,6.9,A/2019,22,22,63,0,9,1,1,1048,87,4,,,,
Fábio,cruzeiro,0,0,0,0,0.0,6.9,A/2019,1,1,24,2,0,0,0,515,66,0,96,2,51,0
João Paulo,avai,5,3,61,29,17.24,6.9,A/2019,51,18,10,0,2,1,0,877,82,44,,,,
Marcinho,fortaleza,2,1,6,8,25.0,6.9,A/2019,9,3,0,0,1,2,2,65,76,10,,,,
Camilo,chapecoense,1,1,22,33,3.03,6.9,A/2019,27,8,7,0,0,7,4,615,80,60,,,,
Ernando,bahia,1,0,0,1,100.0,6.9,A/2019,5,8,35,0,7,0,0,196,82,1,,,,
Gil,corinthians,1,1,5,12,8.33,6.9,A/2019,27,25,128,0,14,0,0,1156,88,3,,,,
Giovanni Augusto,goias,0,1,25,14,0.0,6.9,A/2019,22,3,1,0,2,4,1,209,74,14,,,,
Egídio,cruzeiro,0,1,22,16,0.0,6.9,A/2019,64,36,27,1,3,5,1,866,80,25,,,,
Jonathan Copete,santos,0,0,2,1,0.0,6.9,A/2019,4,0,1,0,0,0,0,14,87,0,,,,
Danilo Gomes Magalhaes,sao-paulo,0,0,1,0,0.0,6.9,A/2019,3,0,0,0,0,0,0,0,0,0,,,,
José Aldo,internacional,0,0,0,1,0.0,6.9,A/2019,2,0,1,0,0,0,0,3,60,0,,,,
Jones Carioca,avai,0,0,7,1,0.0,6.9,A/2019,4,1,0,0,0,0,0,25,80,3,,,,
Júlio César,gremio,0,0,0,0,0.0,6.9,A/2019,0,0,6,1,0,0,0,63,43,0,31,0,19,1
Giovanni,bahia,0,0,2,1,0.0,6.9,A/2019,17,15,10,0,1,1,0,312,83,8,,,,
Tiepo,chapecoense,0,0,0,0,0.0,6.9,A/2019,4,3,25,1,0,1,0,348,56,1,82,4,45,2
Igor Fernandes,avai,0,0,31,14,0.0,6.9,A/2019,47,52,71,0,13,1,0,904,84,25,,,,
Diego Tardelli,gremio,4,4,25,26,15.38,6.89,A/2019,27,7,5,0,0,3,1,802,85,27,,,,
João Pedro,fluminense,4,6,45,50,8.0,6.89,A/2019,16,10,11,0,2,4,1,335,77,19,,,,
Guga,atletico-mineiro,0,0,8,4,0.0,6.89,A/2019,46,26,35,0,1,1,4,585,80,24,,,,
Nino Paraíba,bahia,2,2,24,18,11.11,6.89,A/2019,56,35,64,2,1,3,4,676,70,35,,,,
Rodrigo Caio,flamengo,2,1,2,25,8.0,6.89,A/2019,19,27,84,2,12,1,0,1248,90,4,,,,
Matheus Ferraz,fluminense,1,1,1,8,12.5,6.89,A/2019,8,12,17,0,2,0,0,310,88,1,,,,
Matheus Rossetto,athletico-paranaense,0,0,4,1,0.0,6.89,A/2019,7,6,2,0,3,0,0,391,91,8,,,,
Luan,atletico-mineiro,4,7,35,35,11.43,6.89,A/2019,72,21,35,0,4,3,1,958,82,35,,,,
Nino,fluminense,1,1,14,14,7.14,6.88,A/2019,41,54,135,0,23,2,1,1590,89,12,,,,
David Duarte,goias,0,1,1,3,0.0,6.88,A/2019,6,7,35,0,5,0,0,158,81,2,,,,
Oswaldo Henriquez,vasco-da-gama,1,2,4,9,11.11,6.88,A/2019,23,36,133,0,16,0,1,875,84,5,,,,
Alan Costa,csa,1,0,3,9,11.11,6.88,A/2019,20,41,146,0,25,1,0,773,82,5,,,,
Guilherme Parede,internacional,3,0,13,25,12.0,6.88,A/2019,14,9,8,0,0,5,3,279,73,23,,,,
Khellven,athletico-paranaense,0,0,5,1,0.0,6.88,A/2019,10,7,6,0,3,1,0,141,81,6,,,,
Ricardo Bueno,csa,7,8,26,45,15.56,6.88,A/2019,24,5,18,0,1,2,2,405,78,23,,,,
Marrony,vasco-da-gama,4,6,52,55,7.27,6.88,A/2019,49,13,25,0,2,9,2,394,74,30,,,,
Alexandre Pato,sao-paulo,5,4,35,33,15.15,6.88,A/2019,12,5,6,0,4,4,0,262,76,20,,,,
Adriano,athletico-paranaense,1,0,4,2,50.0,6.87,A/2019,13,10,11,0,1,2,1,294,80,8,,,,
Igor Vinícius,sao-paulo,1,0,20,8,12.5,6.87,A/2019,30,24,22,0,2,2,2,569,86,12,,,,
Marcelo Cirino,athletico-paranaense,9,9,10,35,25.71,6.87,A/2019,21,10,14,0,2,3,2,323,76,17,,,,
Junior Sornoza,corinthians,0,0,7,22,0.0,6.87,A/2019,15,9,5,0,5,1,1,553,86,33,,,,
Vinícius,atletico-mineiro,2,2,12,34,5.88,6.87,A/2019,14,7,2,0,1,5,2,611,84,31,,,,
Felipe,ceara-sc,1,0,46,14,7.14,6.87,A/2019,20,12,1,0,0,2,2,500,79,41,,,,
Rodinei,flamengo,0,0,32,1,0.0,6.86,A/2019,35,10,26,0,4,1,1,418,84,10,,,,
Pedro Castro,avai,1,2,12,21,4.76,6.86,A/2019,50,40,37,0,6,1,0,1000,83,19,,,,
Hernanes,sao-paulo,2,1,33,27,7.41,6.86,A/2019,14,9,10,0,1,0,4,438,84,24,,,,
Erick,athletico-paranaense,1,4,13,13,7.69,6.86,A/2019,16,11,21,0,3,0,0,296,84,6,,,,
Gustavo Bochecha,botafogo,0,1,15,10,0.0,6.86,A/2019,29,15,19,0,9,1,1,940,87,18,,,,
Yuri,fluminense,0,1,10,6,0.0,6.86,A/2019,39,41,40,0,8,1,0,1408,90,15,,,,
Nathan,atletico-mineiro,4,0,13,18,22.22,6.86,A/2019,23,15,9,0,1,0,0,522,85,10,,,,
Samuel Xavier,ceara-sc,0,1,33,16,0.0,6.85,A/2019,58,31,69,0,10,4,3,1175,82,34,,,,
Diego Pituca,santos,2,0,14,27,7.41,6.85,A/2019,56,23,41,0,8,3,1,1511,85,36,,,,
Eduardo,chapecoense,0,0,47,10,0.0,6.85,A/2019,52,34,53,0,6,4,2,580,71,38,,,,
Tiago Alves,ceara-sc,1,3,0,8,12.5,6.85,A/2019,14,26,85,0,14,2,1,602,82,5,,,,
Robinho,cruzeiro,1,5,15,20,5.0,6.85,A/2019,25,18,7,1,1,2,1,1132,83,65,,,,
Isaque,gremio,1,1,1,2,50.0,6.85,A/2019,2,0,1,0,0,0,0,31,77,0,,,,
Tharlis,chapecoense,0,0,1,2,0.0,6.85,A/2019,16,2,1,0,4,0,0,108,85,2,,,,
Matheus Jesus,corinthians,0,0,3,0,0.0,6.85,A/2019,6,3,2,0,0,0,0,82,81,3,,,,
Wellington Silva,internacional,1,2,28,17,5.88,6.85,A/2019,11,9,1,0,1,1,1,283,79,13,,,,
Rogério,bahia,1,1,11,15,6.67,6.85,A/2019,4,2,3,0,0,3,0,71,75,5,,,,
Liziero,sao-paulo,0,0,20,9,0.0,6.85,A/2019,34,12,11,0,1,2,1,734,88,14,,,,
Filipe Luis,flamengo,0,0,13,2,0.0,6.84,A/2019,42,23,14,1,2,3,0,753,86,11,,,,
Lucas Lima,palmeiras,1,1,12,8,12.5,6.84,A/2019,27,3,1,0,0,2,4,505,87,28,,,,
Edenílson,internacional,5,3,20,20,25.0,6.84,A/2019,28,25,20,0,9,2,2,1294,88,27,,,,
Felipe,fortaleza,0,0,33,15,0.0,6.84,A/2019,71,41,24,0,7,1,1,1231,84,24,,,,
Flávio,bahia,0,0,21,11,0.0,6.84,A/2019,65,20,35,0,11,0,1,1056,88,26,,,,
Caio Paulista,avai,0,1,93,25,0.0,6.84,A/2019,35,22,18,0,2,1,0,553,80,25,,,,
Pedro,fluminense,5,3,7,19,26.32,6.84,A/2019,4,1,4,0,0,2,0,92,76,8,,,,
Gabriel Sara,sao-paulo,0,0,0,3,0.0,6.84,A/2019,5,0,1,0,1,2,1,74,77,5,,,,
Daniel Guedes,goias,0,0,24,3,0.0,6.84,A/2019,31,16,28,0,5,1,0,340,81,15,,,,
Vitor Bueno,sao-paulo,6,1,31,33,18.18,6.84,A/2019,25,12,12,0,0,2,1,557,82,18,,,,
Michel,gremio,0,2,3,12,0.0,6.84,A/2019,53,32,46,0,8,1,1,1098,89,11,,,,
Marcos Paulo,fluminense,4,4,23,28,14.29,6.84,A/2019,22,10,5,0,1,4,4,424,80,31,,,,
Juninho,bahia,1,3,5,14,7.14,6.84,A/2019,33,21,134,1,26,0,0,957,81,3,,,,
Gabriel Dias,fortaleza,2,1,4,11,18.18,6.84,A/2019,53,16,98,0,12,3,2,439,80,12,,,,
Roberto,chapecoense,0,2,33,23,0.0,6.84,A/2019,26,25,25,0,2,1,1,336,82,16,,,,
Thonny Anderson,athletico-paranaense,3,4,25,28,10.71,6.83,A/2019,25,4,6,0,0,6,4,317,69,20,,,,
João Pedro,bahia,1,1,25,8,12.5,6.83,A/2019,18,5,11,0,4,1,0,246,81,12,,,,
Paulinho Oliveira,avai,0,0,6,2,0.0,6.83,A/2019,5,8,10,0,2,1,0,148,81,11,,,,
Carlinhos,csa,2,0,18,14,14.29,6.83,A/2019,43,41,55,1,8,1,0,677,80,28,,,,
Luis Orejuela,cruzeiro,2,1,35,10,20.0,6.83,A/2019,33,32,20,0,3,3,0,733,84,25,,,,
Klaus,internacional,0,0,0,2,0.0,6.83,A/2019,6,19,59,0,8,0,0,365,86,0,,,,
Vitor Hugo,palmeiras,0,1,2,12,0.0,6.83,A/2019,19,26,62,1,6,0,0,749,92,2,,,,
Juan Quintero,fortaleza,1,0,3,3,33.33,6.83,A/2019,20,43,178,0,28,0,0,1502,88,3,,,,
Jucilei,sao-paulo,0,0,1,0,0.0,6.83,A/2019,5,6,1,0,0,0,0,184,93,4,,,,
Eduardo Brock,ceara-sc,0,0,1,4,0.0,6.83,A/2019,13,5,33,0,4,0,0,212,77,2,,,,
Lourenço,avai,1,0,35,25,4.0,6.82,A/2019,35,39,46,0,3,3,3,524,72,28,,,,
Leonardo Silva,atletico-mineiro,1,1,3,12,8.33,6.82,A/2019,21,12,65,0,12,0,0,459,84,8,,,,
Gilson,botafogo,0,0,16,1,0.0,6.82,A/2019,33,16,41,0,3,0,1,617,87,21,,,,
Diogo Barbosa,palmeiras,0,1,15,9,0.0,6.82,A/2019,78,55,76,0,3,2,2,1108,84,27,,,,
Mateus Vital,corinthians,2,2,82,34,5.88,6.82,A/2019,22,6,11,0,2,5,2,703,90,22,,,,
Lucas Fonseca,bahia,0,0,1,9,0.0,6.82,A/2019,16,31,145,0,27,0,1,1094,84,3,,,,
Fábio Sanches,goias,1,2,0,11,9.09,6.82,A/2019,22,34,128,0,25,0,0,586,84,2,,,,
Vitinho,athletico-paranaense,2,5,11,27,7.41,6.82,A/2019,12,5,6,0,0,4,3,202,79,13,,,,
Douglas Augusto,bahia,0,0,5,5,0.0,6.81,A/2019,12,4,4,0,2,1,0,244,89,10,,,,
Jonathan,avai,3,2,17,22,13.64,6.81,A/2019,11,3,10,0,2,1,0,223,75,13,,,,
Alex Santana,botafogo,5,2,36,36,13.89,6.81,A/2019,13,18,12,0,2,1,1,517,88,11,,,,
Matheus Sávio,csa,1,2,12,10,10.0,6.81,A/2019,15,1,2,0,1,0,0,151,78,11,,,,
Werley,vasco-da-gama,0,1,0,3,0.0,6.81,A/2019,3,3,37,0,5,0,0,297,90,2,,,,
Fábio Santos,atletico-mineiro,4,1,9,11,36.36,6.81,A/2019,25,29,58,1,11,1,1,1125,85,27,,,,
Uendel,internacional,0,1,6,7,0.0,6.81,A/2019,25,13,21,0,3,3,2,766,84,19,,,,
Franco di Santo,atletico-mineiro,3,4,8,24,12.5,6.81,A/2019,8,1,19,0,4,3,1,184,68,20,,,,
Éderson,cruzeiro,2,2,35,22,9.09,6.81,A/2019,31,26,26,0,7,0,0,545,83,15,,,,
João Lucas,ceara-sc,1,0,34,16,6.25,6.81,A/2019,42,41,56,0,10,6,0,890,76,33,,,,
Thaciano,gremio,2,4,23,19,10.53,6.81,A/2019,31,10,16,0,5,2,1,535,87,10,,,,
Fernando Costanza,botafogo,0,2,21,7,0.0,6.81,A/2019,52,24,51,1,9,2,1,536,79,9,,,,
João Vitor,csa,0,0,9,5,0.0,6.81,A/2019,52,28,25,0,18,0,0,762,88,19,,,,
Igor Gomes,sao-paulo,2,2,22,18,11.11,6.8,A/2019,18,10,5,0,2,1,2,597,83,17,,,,
Valdo,ceara-sc,0,2,4,12,0.0,6.8,A/2019,39,24,138,1,19,0,1,783,84,4,,,,
Marcinho,botafogo,1,0,10,19,5.26,6.8,A/2019,24,24,53,0,9,4,4,814,81,32,,,,
Vinícius Locatelli,chapecoense,1,2,7,10,10.0,6.8,A/2019,7,3,2,0,0,1,1,213,93,10,,,,
Miguel Trauco,flamengo,0,0,5,2,0.0,6.8,A/2019,6,4,9,0,2,1,1,231,85,6,,,,
Rithely,internacional,0,0,6,3,0.0,6.8,A/2019,12,13,11,0,4,0,1,256,87,3,,,,
Jean Lucas,santos,0,1,8,12,0.0,6.8,A/2019,14,14,5,0,1,2,1,288,86,4,,,,
Diego Costa,sao-paulo,0,0,0,0,0.0,6.8,A/2019,0,3,4,0,0,0,0,10,100,0,,,,
Lourency,chapecoense,0,0,3,2,0.0,6.8,A/2019,0,0,1,0,0,0,0,4,80,0,,,,
Matheus Frizzo,gremio,0,0,0,1,0.0,6.8,A/2019,0,1,2,0,1,1,0,43,91,1,,,,
Matheus Mascarenhas,fluminense,0,0,1,0,0.0,6.8,A/2019,0,0,0,0,0,0,0,9,90,1,,,,
Welinton,cruzeiro,0,0,1,0,0.0,6.8,A/2019,0,1,1,0,0,0,0,2,40,1,,,,
Ronei Gebing,chapecoense,0,0,0,0,0.0,6.8,A/2019,3,0,0,0,0,0,0,10,66,1,,,,
Orinho,fluminense,0,0,2,3,0.0,6.8,A/2019,6,8,4,0,0,0,0,101,84,4,,,,
Yan Sasse,vasco-da-gama,0,0,9,8,0.0,6.8,A/2019,4,3,1,0,0,0,0,89,76,5,,,,
Léo Duarte,flamengo,0,0,2,2,0.0,6.8,A/2019,17,4,13,0,4,0,0,223,90,0,,,,
Raúl Cáceres,vasco-da-gama,0,0,6,1,0.0,6.8,A/2019,7,2,18,0,4,3,0,152,81,7,,,,
Léo Gomes,gremio,0,0,5,10,0.0,6.8,A/2019,21,12,10,0,1,1,0,459,86,5,,,,
Julinho,avai,0,0,11,10,0.0,6.8,A/2019,14,8,9,0,3,1,0,164,79,5,,,,
Mauro Boselli,corinthians,7,6,2,26,26.92,6.8,A/2019,4,1,10,0,2,0,2,187,73,13,,,,
Cacá,cruzeiro,1,0,4,8,12.5,6.8,A/2019,17,12,81,1,16,0,0,767,90,4,,,,
Andrey,vasco-da-gama,1,0,17,14,7.14,6.79,A/2019,27,12,10,0,2,1,1,374,84,11,,,,
Gabriel Girotto,corinthians,0,0,7,3,0.0,6.79,A/2019,44,19,22,0,3,0,0,874,89,14,,,,
Thiago Santos,palmeiras,1,0,4,5,20.0,6.79,A/2019,34,11,11,0,3,0,0,371,83,6,,,,
Fred,cruzeiro,5,10,7,39,12.82,6.79,A/2019,10,2,32,0,5,5,2,376,70,18,,,,
Douglas,chapecoense,0,3,0,11,0.0,6.79,A/2019,20,39,132,0,29,1,1,551,81,2,,,,
Gilberto Júnior,goias,1,1,28,11,9.09,6.79,A/2019,39,24,27,1,8,1,0,708,88,8,,,,
Heitor,internacional,0,0,17,10,0.0,6.79,A/2019,50,27,36,0,3,2,1,706,82,15,,,,
Márcio Araújo,chapecoense,0,0,25,14,0.0,6.79,A/2019,57,69,23,0,13,0,0,1321,87,26,,,,
Victor Ferraz,santos,0,0,11,9,0.0,6.79,A/2019,48,24,26,0,6,2,2,926,84,18,,,,
Iago Maidana,atletico-mineiro,1,1,1,5,20.0,6.79,A/2019,5,9,40,0,7,0,0,175,82,1,,,,
Jean Mota,santos,1,3,7,25,4.0,6.78,A/2019,22,7,6,0,0,1,1,530,82,28,,,,
Nílton,csa,1,1,6,8,12.5,6.78,A/2019,23,15,23,0,4,0,0,276,78,4,,,,
Patrick,internacional,2,2,59,18,11.11,6.78,A/2019,73,13,7,0,3,2,1,724,84,24,,,,
Edu Dracena,palmeiras,0,0,0,7,0.0,6.78,A/2019,4,2,22,0,0,1,0,147,85,1,,,,
Madson,csa,0,0,6,4,0.0,6.78,A/2019,3,2,0,0,1,1,0,75,85,6,,,,
David da Fonseca,cruzeiro,0,8,73,40,0.0,6.78,A/2019,33,7,9,0,2,11,2,663,83,40,,,,
Fernandão,bahia,5,3,10,38,13.16,6.78,A/2019,4,7,19,0,1,1,0,171,60,14,,,,
Jonas Toró,sao-paulo,3,1,26,14,21.43,6.78,A/2019,26,3,2,1,0,1,1,201,78,17,,,,
Luan Santos,sao-paulo,0,0,13,4,0.0,6.78,A/2019,47,13,28,0,5,2,0,873,87,7,,,,
Richard,vasco-da-gama,0,0,14,10,0.0,6.78,A/2019,50,42,56,0,13,2,1,1031,86,9,,,,
Zé Rafael,palmeiras,5,3,41,32,15.63,6.77,A/2019,48,5,7,0,0,5,5,389,81,16,,,,
Pedro Rocha,cruzeiro,2,4,48,31,6.45,6.77,A/2019,30,7,1,0,0,3,2,398,75,17,,,,
Talles Magno,vasco-da-gama,2,3,43,20,10.0,6.77,A/2019,12,3,3,0,1,0,0,239,78,12,,,,
Tailson,santos,1,0,22,13,7.69,6.77,A/2019,5,4,1,0,0,0,0,126,78,3,,,,
Nonato,internacional,3,0,17,14,21.43,6.77,A/2019,54,23,10,0,10,0,1,745,88,19,,,,
Joel Carli,botafogo,0,0,5,6,0.0,6.77,A/2019,16,14,124,0,25,1,0,1017,83,3,,,,
Bruno Nazário,athletico-paranaense,0,1,9,13,0.0,6.77,A/2019,13,2,0,0,0,1,0,212,82,14,,,,
Marquinhos,avai,0,1,9,10,0.0,6.77,A/2019,23,36,71,0,10,0,0,444,79,0,,,,
Carlinhos,fortaleza,1,2,13,12,8.33,6.77,A/2019,37,40,78,0,6,2,2,663,78,24,,,,
Renan Lodi,athletico-paranaense,0,0,2,3,0.0,6.77,A/2019,1,3,3,0,0,1,0,112,88,3,,,,
Jonathan Alvez,internacional,0,1,0,9,0.0,6.77,A/2019,0,0,1,0,0,0,0,10,62,2,,,,
Brenner,fluminense,0,1,4,5,0.0,6.77,A/2019,7,1,1,0,0,1,0,84,87,4,,,,
Patric,atletico-mineiro,1,0,26,23,4.35,6.77,A/2019,40,18,43,0,7,6,2,810,80,25,,,,
Luciano Castan,csa,0,0,11,7,0.0,6.76,A/2019,23,35,150,0,29,0,0,1180,84,8,,,,
Wellington,athletico-paranaense,0,0,13,7,0.0,6.76,A/2019,17,30,19,0,7,3,1,1328,88,27,,,,
Maxi López,vasco-da-gama,2,0,3,5,40.0,6.76,A/2019,1,0,2,0,0,0,0,32,64,2,,,,
Maicon,atletico-mineiro,0,1,1,4,0.0,6.76,A/2019,11,2,9,0,0,3,2,118,75,14,,,,
Rafael Pereira,chapecoense,1,0,2,1,100.0,6.76,A/2019,13,16,66,0,9,0,0,475,84,6,,,,
Jackson,fortaleza,0,0,3,4,0.0,6.76,A/2019,3,15,53,0,5,0,0,437,83,1,,,,
Jádson,cruzeiro,0,0,6,6,0.0,6.76,A/2019,20,6,4,0,4,0,0,390,90,8,,,,
Neílton,internacional,1,2,15,14,7.14,6.76,A/2019,25,3,1,0,0,0,0,305,80,13,,,,
Jadson,corinthians,0,0,3,13,0.0,6.76,A/2019,2,2,3,0,0,4,1,359,86,13,,,,
Igor Rabello,atletico-mineiro,0,2,7,11,0.0,6.75,A/2019,33,34,115,0,27,1,1,986,84,4,,,,
Pablo,sao-paulo,3,2,7,21,14.29,6.75,A/2019,5,2,12,0,0,0,1,157,74,11,,,,
Thuler,flamengo,0,0,6,0,0.0,6.75,A/2019,14,8,47,0,12,0,0,402,86,0,,,,
José Welison,atletico-mineiro,0,0,18,9,0.0,6.75,A/2019,22,12,25,0,7,0,0,480,80,6,,,,
Luccas Claro,fluminense,0,0,0,1,0.0,6.75,A/2019,2,3,5,0,2,0,0,73,82,0,,,,
Nenê Bonilha,fortaleza,0,0,6,5,0.0,6.75,A/2019,4,2,2,0,0,0,0,115,85,3,,,,
Lucas Romero,cruzeiro,0,0,13,3,0.0,6.75,A/2019,16,16,9,0,2,1,0,431,89,5,,,,
Léo Moura,gremio,0,0,25,2,0.0,6.75,A/2019,20,9,19,0,2,3,1,958,89,16,,,,
Osvaldo,fortaleza,7,4,42,35,20.0,6.75,A/2019,27,20,10,0,0,5,5,331,77,23,,,,
Jonny Mosquera,avai,0,0,2,4,0.0,6.75,A/2019,9,14,4,0,2,0,0,255,89,2,,,,
Matheus Fernandes,palmeiras,1,0,9,3,33.33,6.75,A/2019,16,10,6,0,2,1,0,217,84,7,,,,
Patrick,gremio,2,0,12,8,25.0,6.74,A/2019,13,2,1,0,0,0,0,132,87,8,,,,
Léo,cruzeiro,0,0,0,2,0.0,6.74,A/2019,24,20,69,0,19,0,0,813,89,4,,,,
Romarinho,fortaleza,3,2,81,21,14.29,6.74,A/2019,17,6,4,0,0,8,4,516,84,39,,,,
Gilberto,fluminense,0,0,31,25,0.0,6.74,A/2019,61,32,41,1,10,3,2,1031,83,33,,,,
Marcelo Hermes,goias,0,0,6,4,0.0,6.74,A/2019,17,9,9,0,4,1,4,151,75,16,,,,
Douglas,avai,0,0,5,7,0.0,6.74,A/2019,3,0,0,0,0,2,1,261,78,14,,,,
Lucca,bahia,0,1,14,19,0.0,6.74,A/2019,16,8,6,0,0,0,0,280,80,15,,,,
Rodriguinho,cruzeiro,1,0,4,4,25.0,6.74,A/2019,5,1,0,0,0,1,0,113,83,4,,,,
Marcos Vinicius,botafogo,1,0,3,3,33.33,6.74,A/2019,1,0,1,0,0,0,0,33,86,0,,,,
Fabinho,ceara-sc,1,2,23,13,7.69,6.74,A/2019,57,57,43,0,17,1,0,1235,82,19,,,,
Renato,chapecoense,0,2,6,11,0.0,6.74,A/2019,13,15,16,0,2,0,0,133,71,9,,,,
Alison,santos,0,0,2,9,0.0,6.74,A/2019,64,39,24,0,8,0,1,596,83,9,,,,
Yago,goias,0,0,3,1,0.0,6.74,A/2019,7,10,74,0,12,0,0,346,88,2,,,,
Robson Bambu,athletico-paranaense,0,1,6,4,0.0,6.74,A/2019,2,7,24,0,2,0,0,323,83,2,,,,
Bryan,chapecoense,0,0,9,3,0.0,6.74,A/2019,19,10,26,0,2,0,0,180,77,5,,,,
Darlan,gremio,0,0,9,4,0.0,6.74,A/2019,16,6,8,0,2,3,1,442,90,12,,,,
Lucas Mineiro,vasco-da-gama,0,1,11,10,0.0,6.74,A/2019,10,3,11,0,5,1,0,295,85,4,,,,
Rômulo,gremio,2,2,1,9,22.22,6.74,A/2019,18,8,18,0,1,0,0,601,90,8,,,,
Felippe Cardoso,ceara-sc,2,4,22,21,9.52,6.73,A/2019,14,4,8,0,1,0,1,183,77,19,,,,
Miguel Borja,palmeiras,1,1,2,11,9.09,6.73,A/2019,2,0,2,0,1,0,1,63,72,4,,,,
Miguel Silveira,fluminense,0,0,3,0,0.0,6.73,A/2019,1,1,0,0,0,0,0,15,68,3,,,,
Auremir,ceara-sc,0,0,1,0,0.0,6.73,A/2019,7,2,2,0,2,0,0,170,85,3,,,,
Felipe Araruna,fortaleza,0,0,4,1,0.0,6.73,A/2019,14,10,8,0,2,1,0,220,84,8,,,,
Raphael Veiga,palmeiras,3,0,6,18,16.67,6.73,A/2019,7,6,5,0,1,0,2,250,88,12,,,,
Márcio Azevedo,athletico-paranaense,1,0,18,5,20.0,6.73,A/2019,23,14,23,0,2,6,3,835,84,34,,,,
Jefferson,goias,1,1,36,12,8.33,6.73,A/2019,50,30,70,0,4,0,2,819,78,33,,,,
João Carlos,csa,0,0,0,0,0.0,6.73,A/2019,0,0,5,0,0,0,0,126,54,0,35,0,17,0
Carlos Augusto,corinthians,1,1,15,6,16.67,6.73,A/2019,17,13,40,0,7,0,0,455,81,13,,,,
Rafael Galhardo,gremio,2,0,3,6,33.33,6.73,A/2019,21,15,25,0,5,3,3,522,87,9,,,,
Joao Lucas,flamengo,0,0,2,0,0.0,6.73,A/2019,3,5,6,0,0,0,0,67,75,0,,,,
Luanderson Silva,avai,0,0,9,3,0.0,6.73,A/2019,21,22,24,1,6,0,0,373,87,2,,,,
Edílson,cruzeiro,0,0,8,8,0.0,6.72,A/2019,16,16,17,0,4,0,0,362,81,8,,,,
Júnior Urso,corinthians,3,3,23,26,11.54,6.72,A/2019,42,20,19,0,6,0,0,823,87,15,,,,
Douglas Moreira,fluminense,0,0,10,1,0.0,6.72,A/2019,19,9,1,0,1,0,0,158,90,2,,,,
Felipe Ferreira,vasco-da-gama,0,0,2,6,0.0,6.72,A/2019,3,1,0,0,0,1,0,102,83,7,,,,
Gérson,csa,0,0,1,4,0.0,6.72,A/2019,13,7,52,0,5,0,0,170,83,1,,,,
Michel,corinthians,1,0,11,1,100.0,6.72,A/2019,7,11,17,0,1,0,0,310,85,6,,,,
Moisés,bahia,0,0,32,18,0.0,6.72,A/2019,66,27,57,1,7,6,2,920,82,29,,,,
Mayke,palmeiras,0,0,2,0,0.0,6.72,A/2019,3,4,7,0,3,0,0,141,85,2,,,,
Gustavo Campanharo,chapecoense,2,0,32,17,11.76,6.72,A/2019,51,21,14,0,1,1,1,662,89,27,,,,
Ricardo Oliveira,atletico-mineiro,2,9,6,26,7.69,6.72,A/2019,4,2,8,0,2,5,2,174,80,13,,,,
Bergson,ceara-sc,3,8,10,38,7.89,6.71,A/2019,17,4,6,0,1,4,1,144,70,8,,,,
Clayson,corinthians,3,0,47,26,11.54,6.71,A/2019,30,17,12,0,2,6,7,649,80,42,,,,
Luiz Felipe,santos,0,0,0,1,0.0,6.71,A/2019,5,2,14,0,4,0,0,189,88,0,,,,
Mauricio Ramos,chapecoense,1,0,1,4,25.0,6.71,A/2019,15,20,56,0,16,0,0,285,80,1,,,,
Pará,santos,0,0,4,1,0.0,6.71,A/2019,28,18,23,0,3,0,0,612,86,4,,,,
Vinicius Lima,ceara-sc,1,2,21,23,4.35,6.71,A/2019,22,12,4,0,1,2,1,294,83,12,,,,
Ricardo Graça,vasco-da-gama,1,0,2,6,16.67,6.71,A/2019,30,25,74,0,14,1,0,542,81,1,,,,
Alecsandro,csa,2,3,7,24,8.33,6.71,A/2019,5,4,11,0,5,0,0,143,65,6,,,,
Pepê,gremio,8,10,43,36,22.22,6.7,A/2019,24,10,7,0,2,3,3,483,83,18,,,,
André,gremio,2,6,17,19,10.53,6.7,A/2019,9,4,13,0,0,3,2,179,78,11,,,,
Marlone,goias,2,1,12,10,20.0,6.7,A/2019,7,5,6,0,1,0,0,230,88,7,,,,
Felipe Jonatan,santos,2,3,14,18,11.11,6.7,A/2019,19,21,11,0,4,5,0,274,78,13,,,,
Hyoran,palmeiras,1,5,7,15,6.67,6.7,A/2019,6,1,4,0,0,2,3,85,83,9,,,,
Walter Montoya,gremio,0,0,0,3,0.0,6.7,A/2019,3,2,1,0,0,1,1,104,86,1,,,,
Rodrigo Dourado,internacional,0,0,0,0,0.0,6.7,A/2019,2,5,3,0,0,0,0,38,82,0,,,,
Johnny,internacional,0,0,1,0,0.0,6.7,A/2019,0,0,0,0,0,0,0,9,81,0,,,,
Juan,sao-paulo,0,0,0,1,0.0,6.7,A/2019,0,0,2,0,0,0,0,6,100,1,,,,
Bruno Silva,chapecoense,0,0,1,1,0.0,6.7,A/2019,0,0,0,0,0,0,0,3,50,1,,,,
Miguel Ferreira,goias,0,0,1,0,0.0,6.7,A/2019,1,0,2,0,0,0,0,1,100,0,,,,
Roger,ceara-sc,0,0,1,1,0.0,6.7,A/2019,0,0,0,0,0,0,0,12,100,1,,,,
Alexander,vasco-da-gama,0,0,0,0,0.0,6.7,A/2019,0,1,4,0,0,0,0,30,83,0,10,0,6,1
Claudio Winck,vasco-da-gama,0,0,0,3,0.0,6.7,A/2019,5,3,1,0,0,0,0,49,68,0,,,,
Erik Jorgens de Menezes,internacional,0,0,0,0,0.0,6.7,A/2019,7,1,2,0,0,0,0,31,83,0,,,,
Léo,sao-paulo,0,0,5,1,0.0,6.7,A/2019,5,3,9,0,0,0,0,94,82,3,,,,
Lucas Hernández,atletico-mineiro,0,1,3,2,0.0,6.7,A/2019,2,9,7,0,2,0,0,146,78,3,,,,
Ricardo Thalheimer,avai,0,1,9,10,0.0,6.7,A/2019,29,35,91,0,18,0,0,708,78,6,,,,
Ronaldo,bahia,0,0,6,4,0.0,6.69,A/2019,46,6,14,0,1,2,1,433,86,10,,,,
William Oliveira,ceara-sc,0,0,9,10,0.0,6.69,A/2019,18,16,20,0,3,0,0,258,86,1,,,,
André Luís,fortaleza,2,1,14,18,11.11,6.69,A/2019,12,7,11,0,0,0,0,173,76,11,,,,
Jean Cleber,csa,0,1,11,11,0.0,6.69,A/2019,43,17,15,0,4,2,2,485,83,8,,,,
Chico,ceara-sc,0,1,5,5,0.0,6.69,A/2019,21,6,0,0,1,2,1,183,82,9,,,,
Leonardo Valencia,botafogo,1,2,10,17,5.88,6.69,A/2019,21,12,1,0,0,1,1,261,74,15,,,,
Iury,avai,0,0,7,4,0.0,6.69,A/2019,11,24,27,0,2,1,1,242,76,9,,,,
Marcos Júnior,vasco-da-gama,3,2,26,18,16.67,6.69,A/2019,30,16,17,0,1,1,0,661,82,33,,,,
Richard Franco,avai,1,2,39,35,2.86,6.69,A/2019,54,31,33,0,10,1,1,652,73,18,,,,
Daniel Amorim,avai,1,0,3,9,11.11,6.69,A/2019,1,0,6,0,1,0,0,53,74,2,,,,
Frazan,fluminense,1,1,0,2,50.0,6.69,A/2019,6,6,30,0,10,0,0,216,85,0,,,,
Shaylon,bahia,0,0,4,2,0.0,6.69,A/2019,9,1,1,0,1,0,0,74,82,6,,,,
Rhodolfo,flamengo,0,1,0,3,0.0,6.69,A/2019,5,8,22,0,4,0,0,314,87,0,,,,
Raul,vasco-da-gama,1,4,19,20,5.0,6.69,A/2019,63,34,31,0,6,4,3,889,83,28,,,,
Michael,goias,9,8,123,62,14.52,6.69,A/2019,39,24,13,0,0,5,5,388,72,38,,,,
Braian Romero,athletico-paranaense,2,3,9,12,16.67,6.69,A/2019,13,10,8,0,2,2,1,184,74,12,,,,
Natanael,internacional,0,0,11,0,0.0,6.69,A/2019,15,4,10,0,2,0,0,181,81,0,,,,
Vagner Love,corinthians,5,4,28,21,23.81,6.69,A/2019,20,4,15,0,4,1,1,304,78,23,,,,
Martin Sarrafiore,internacional,3,0,13,16,18.75,6.68,A/2019,17,3,3,0,0,0,0,222,77,15,,,,
Juninho Quixadá,ceara-sc,0,1,2,5,0.0,6.68,A/2019,5,1,0,0,0,2,0,38,74,8,,,,
Éverton Cardoso,sao-paulo,1,1,17,7,14.29,6.68,A/2019,19,3,3,0,1,1,2,231,74,15,,,,
Henrique,vasco-da-gama,0,1,10,2,0.0,6.68,A/2019,25,25,39,0,8,2,0,551,82,16,,,,
Rafinha,goias,1,1,20,12,8.33,6.68,A/2019,4,3,0,0,1,2,0,96,82,6,,,,
Willian,palmeiras,4,6,24,20,20.0,6.68,A/2019,15,6,1,0,1,2,1,325,82,21,,,,
Bruno César,vasco-da-gama,2,2,1,7,28.57,6.68,A/2019,5,5,2,0,1,1,0,119,77,15,,,,
Renato Kayzer,chapecoense,1,1,7,8,12.5,6.68,A/2019,9,1,3,0,0,1,2,95,77,6,,,,
Leandro Carvalho,ceara-sc,3,0,45,27,11.11,6.67,A/2019,28,5,5,0,0,3,2,292,73,10,,,,
Léo,avai,0,1,35,11,0.0,6.67,A/2019,38,28,25,0,4,4,2,394,75,15,,,,
Vinicius Araujo,avai,1,4,5,17,5.88,6.67,A/2019,8,3,7,0,0,3,0,154,72,12,,,,
Ronaldo Alves,csa,0,1,1,7,0.0,6.67,A/2019,7,11,26,0,5,0,0,201,82,0,,,,
Edinho,fortaleza,3,1,41,27,11.11,6.67,A/2019,9,4,8,0,0,0,1,422,83,22,,,,
Luan Pereira,avai,0,0,11,9,0.0,6.66,A/2019,14,8,5,0,0,0,1,221,82,6,,,,
Gegê,avai,1,1,3,10,10.0,6.66,A/2019,16,6,2,0,0,1,0,180,84,7,,,,
Kieza,fortaleza,1,4,8,22,4.55,6.66,A/2019,11,3,16,0,2,0,0,181,73,11,,,,
Fernando Sobral,ceara-sc,0,0,8,8,0.0,6.66,A/2019,32,7,8,0,0,0,0,249,73,12,,,,
Bruno Silva,internacional,0,2,5,9,0.0,6.66,A/2019,32,13,8,1,1,1,0,604,89,7,,,,
Marco Ruben,athletico-paranaense,4,12,3,34,11.76,6.66,A/2019,20,2,12,0,1,3,2,165,78,11,,,,
Yago Felipe,goias,2,1,12,11,18.18,6.66,A/2019,58,33,17,0,2,1,2,690,79,26,,,,
Lucão,fluminense,0,0,1,4,0.0,6.66,A/2019,0,0,0,0,0,1,0,17,80,1,,,,
Amaral,chapecoense,0,0,0,4,0.0,6.66,A/2019,16,6,43,0,4,0,0,286,82,5,,,,
Felipe Pires,fortaleza,1,0,4,6,16.67,6.66,A/2019,4,0,3,0,0,2,1,141,79,9,,,,
Naldo,csa,0,0,15,12,0.0,6.66,A/2019,33,28,59,0,13,2,3,487,80,10,,,,
Elicarlos,chapecoense,0,1,3,18,0.0,6.66,A/2019,19,23,36,0,6,1,0,404,80,12,,,,
Aylon,chapecoense,0,0,2,1,0.0,6.66,A/2019,7,0,3,0,0,2,1,71,71,5,,,,
Ribamar,vasco-da-gama,3,8,6,29,10.34,6.65,A/2019,7,1,12,0,2,0,0,135,65,4,,,,
Vinicius Popó,cruzeiro,0,0,0,0,0.0,6.65,A/2019,0,0,0,0,0,0,0,10,83,2,,,,
Marcinho,avai,0,0,0,0,0.0,6.65,A/2019,5,0,1,0,0,0,0,27,81,0,,,,
Santiago Tréllez,internacional,0,2,4,8,0.0,6.65,A/2019,2,0,5,0,1,0,0,46,68,2,,,,
Didira,csa,0,1,9,8,0.0,6.65,A/2019,22,9,6,0,5,2,0,309,80,12,,,,
Yago,goias,0,0,19,6,0.0,6.65,A/2019,28,17,35,1,6,1,0,364,78,13,,,,
Tomás Andrade,athletico-paranaense,0,0,9,10,0.0,6.64,A/2019,9,0,2,0,0,1,1,180,79,14,,,,
Geuvânio,atletico-mineiro,0,2,35,19,0.0,6.64,A/2019,18,10,2,0,1,2,1,351,81,18,,,,
Luan Peres,santos,0,0,3,3,0.0,6.64,A/2019,11,11,23,0,5,0,0,277,83,1,,,,
Euller,csa,0,2,14,17,0.0,6.64,A/2019,8,8,7,0,1,2,0,226,80,11,,,,
Dawhan,csa,0,3,9,16,0.0,6.64,A/2019,69,27,65,0,6,1,0,906,86,20,,,,
Apodi,csa,4,0,20,33,12.12,6.63,A/2019,35,24,46,0,3,3,1,371,73,19,,,,
Leandro Barcia,goias,5,6,17,36,13.89,6.63,A/2019,70,32,35,0,6,7,3,326,66,22,,,,
Valdívia,vasco-da-gama,0,0,1,8,0.0,6.63,A/2019,8,2,0,0,0,1,1,119,78,9,,,,
Matheus Lucas,avai,0,0,0,1,0.0,6.63,A/2019,1,0,1,0,0,0,0,16,76,2,,,,
Lucas Silva,cruzeiro,0,0,0,4,0.0,6.63,A/2019,6,2,1,0,1,0,0,183,86,1,,,,
Elias,atletico-mineiro,1,1,5,16,6.25,6.63,A/2019,35,17,17,0,6,2,1,1080,90,18,,,,
Wellington Nem,fluminense,1,5,19,20,5.0,6.63,A/2019,17,5,3,0,1,0,0,200,85,8,,,,
Hélinho,sao-paulo,0,0,10,4,0.0,6.63,A/2019,5,3,0,0,0,1,0,83,84,1,,,,
Matheus Barbosa,avai,0,0,8,12,0.0,6.62,A/2019,20,14,21,1,5,2,1,374,76,14,,,,
Cassiano,csa,0,0,4,10,0.0,6.62,A/2019,5,0,5,0,1,0,0,41,61,1,,,,
Erik,botafogo,1,3,12,8,12.5,6.62,A/2019,14,4,2,0,0,0,1,179,83,9,,,,
Alan Ruschel,goias,1,1,6,4,25.0,6.62,A/2019,11,5,12,0,1,1,0,149,76,13,,,,
Patrick Fabiano,csa,0,2,4,6,0.0,6.62,A/2019,0,2,2,0,0,1,1,55,68,3,,,,
Paulo André,athletico-paranaense,0,0,0,1,0.0,6.62,A/2019,6,3,20,0,1,0,0,223,91,1,,,,
Vinícius Tanque,botafogo,0,0,3,3,0.0,6.62,A/2019,3,0,3,0,0,1,0,65,70,5,,,,
Marquinhos Gabriel,cruzeiro,0,2,27,15,0.0,6.62,A/2019,18,7,5,1,1,6,3,638,86,27,,,,
Wanderson,bahia,0,0,1,1,0.0,6.62,A/2019,2,5,22,0,5,0,0,195,85,0,,,,
Victor Rangel,botafogo,0,2,7,8,0.0,6.62,A/2019,5,2,4,0,1,0,0,64,71,3,,,,
Juanfran,sao-paulo,0,0,3,0,0.0,6.61,A/2019,25,9,23,0,5,1,2,443,84,9,,,,
Moisés,palmeiras,0,0,2,5,0.0,6.61,A/2019,7,4,2,0,1,1,0,96,76,4,,,,
Maranhão,csa,1,0,4,4,25.0,6.61,A/2019,9,4,2,0,0,1,0,114,74,12,,,,
Piris da Motta,flamengo,0,0,6,5,0.0,6.61,A/2019,26,14,18,0,8,0,0,631,88,0,,,,
Orlando Berrío,flamengo,1,2,8,7,14.29,6.61,A/2019,13,1,0,0,0,3,2,77,68,8,,,,
Augusto Cesar,chapecoense,0,0,17,14,0.0,6.61,A/2019,7,5,6,0,2,1,1,181,81,7,,,,
Feliciano Brizuela,avai,1,0,1,1,100.0,6.6,A/2019,3,2,3,0,0,0,0,27,65,0,,,,
Bruno Gomes,vasco-da-gama,1,0,5,3,33.33,6.6,A/2019,11,4,7,0,2,0,0,153,84,1,,,,
Felipe Vizeu,gremio,1,2,5,5,20.0,6.6,A/2019,2,2,6,0,1,2,0,87,76,7,,,,
Jonathan,botafogo,0,1,4,1,0.0,6.6,A/2019,1,3,5,0,0,0,2,112,86,3,,,,
Hugo Moura,flamengo,0,1,0,1,0.0,6.6,A/2019,1,3,2,0,1,1,1,12,52,1,,,,
Jean,palmeiras,0,0,3,1,0.0,6.6,A/2019,7,3,9,0,2,1,1,177,87,4,,,,
Rafael Santos,flamengo,0,0,0,1,0.0,6.6,A/2019,1,1,3,0,0,0,0,0,0,0,,,,
Renê Júnior,corinthians,0,0,0,0,0.0,6.6,A/2019,1,1,0,0,0,0,0,9,64,0,,,,
Fabinho,sao-paulo,0,0,0,0,0.0,6.6,A/2019,1,0,0,0,0,0,0,6,75,2,,,,
Jadsom,cruzeiro,0,0,0,1,0.0,6.6,A/2019,1,1,0,0,0,0,0,10,71,1,,,,
Willian Farias,sao-paulo,0,0,0,0,0.0,6.6,A/2019,1,0,1,0,0,0,0,3,60,0,,,,
Alexandre Melo,vasco-da-gama,0,0,0,0,0.0,6.6,A/2019,0,1,4,0,0,0,0,14,70,0,,,,
Lucas França,ceara-sc,0,0,0,0,0.0,6.6,A/2019,0,0,0,0,0,0,0,10,55,0,3,0,2,0
William Popp,ceara-sc,0,0,1,0,0.0,6.6,A/2019,0,0,0,0,0,1,0,15,83,1,,,,
Edinho,ceara-sc,0,0,0,0,0.0,6.6,A/2019,0,1,2,0,0,0,0,52,86,1,,,,
Leandro Souza,csa,0,0,0,2,0.0,6.6,A/2019,1,0,7,0,1,0,0,14,73,1,,,,
Kanu,botafogo,0,0,0,1,0.0,6.6,A/2019,3,0,6,0,0,0,0,65,84,1,,,,
Jailson,palmeiras,0,0,1,0,0.0,6.6,A/2019,0,0,0,0,0,0,0,40,83,0,10,0,4,0
Jobson,santos,0,0,2,1,0.0,6.6,A/2019,6,1,2,0,0,0,0,81,87,0,,,,
Jairinho,vasco-da-gama,0,0,5,2,0.0,6.6,A/2019,5,0,0,0,0,0,0,10,62,1,,,,
Pablo Dyego,fluminense,0,1,3,4,0.0,6.6,A/2019,9,1,3,0,0,0,0,32,72,0,,,,
Roger Carvalho,fortaleza,0,2,2,6,0.0,6.6,A/2019,3,12,43,0,10,0,0,426,86,0,,,,
Arthur Gomes,chapecoense,4,3,72,21,19.05,6.6,A/2019,23,7,6,0,2,3,0,452,82,26,,,,
Ariel Cabral,cruzeiro,0,2,1,6,0.0,6.59,A/2019,16,17,11,0,3,0,1,364,81,10,,,,
Igor Julião,fluminense,0,0,13,2,0.0,6.59,A/2019,16,13,10,0,9,1,0,250,81,12,,,,
Henrique Almeida,chapecoense,3,7,8,21,14.29,6.59,A/2019,24,6,6,0,1,1,0,131,68,4,,,,
Rafael Papagaio,goias,0,0,3,4,0.0,6.59,A/2019,4,2,2,0,0,1,0,48,72,2,,,,
Yuri,botafogo,0,0,8,5,0.0,6.59,A/2019,28,16,14,0,2,1,0,299,81,11,,,,
Ezequiel,cruzeiro,0,0,8,6,0.0,6.58,A/2019,9,7,1,0,0,0,0,108,79,5,,,,
Rodrigo Pimpão,botafogo,0,1,13,14,0.0,6.58,A/2019,25,6,7,0,0,5,3,194,68,10,,,,
Dodô,fortaleza,0,1,2,1,0.0,6.58,A/2019,0,1,1,0,0,1,0,75,76,4,,,,
Renatinho,goias,0,0,7,6,0.0,6.58,A/2019,6,9,4,0,0,0,0,74,73,2,,,,
Bruno Roberto,atletico-mineiro,2,0,16,16,12.5,6.58,A/2019,5,6,2,0,0,0,0,171,85,5,,,,
Mateus Gonçalves,ceara-sc,4,1,26,17,23.53,6.58,A/2019,14,4,7,0,1,0,1,179,77,10,,,,
Jean,botafogo,0,2,1,3,0.0,6.58,A/2019,18,3,6,0,1,0,0,55,85,0,,,,
Getúlio,avai,0,1,0,6,0.0,6.58,A/2019,11,5,5,0,0,0,0,44,77,6,,,,
Safira,csa,0,0,0,0,0.0,6.57,A/2019,4,2,0,0,2,1,1,21,80,1,,,,
Sassá,cruzeiro,3,4,12,20,15.0,6.57,A/2019,8,3,0,0,0,0,0,165,84,4,,,,
Lucas Campos,botafogo,0,0,7,7,0.0,6.57,A/2019,13,4,1,0,0,0,0,94,83,3,,,,
Tiago Reis,vasco-da-gama,1,3,1,6,16.67,6.56,A/2019,4,0,0,0,1,1,1,49,80,5,,,,
Cristovam,ceara-sc,0,0,7,2,0.0,6.56,A/2019,13,6,9,0,0,1,0,167,78,3,,,,
Hector Ariel Bustamante,csa,1,0,27,15,6.67,6.56,A/2019,24,10,7,0,0,1,1,269,79,13,,,,
Arthur Caíke,bahia,6,6,11,33,18.18,6.56,A/2019,12,6,15,0,0,2,1,211,70,12,,,,
Geovane,goias,0,0,4,11,0.0,6.55,A/2019,27,14,34,1,11,1,0,401,82,9,,,,
Luiz Fernando,botafogo,1,2,53,24,4.17,6.55,A/2019,30,18,4,0,2,1,0,441,81,21,,,,
Matheus Vargas,fortaleza,0,0,0,0,0.0,6.55,A/2019,2,0,0,0,0,0,0,19,79,3,,,,
Rodolfo Gamarra,csa,0,0,0,1,0.0,6.55,A/2019,0,0,0,0,0,0,0,11,91,1,,,,
Gerson Júnior,csa,0,0,0,0,0.0,6.55,A/2019,0,0,0,0,0,0,0,7,100,1,,,,
Kevin,goias,0,0,1,1,0.0,6.55,A/2019,5,4,6,0,1,0,0,75,75,3,,,,
Derley,fortaleza,0,0,0,1,0.0,6.55,A/2019,0,0,1,0,0,0,0,56,100,0,,,,
Régis,corinthians,0,0,1,2,0.0,6.55,A/2019,3,1,1,0,0,0,0,38,86,1,,,,
Elton,bahia,0,0,6,4,0.0,6.54,A/2019,13,5,7,0,1,0,0,340,87,7,,,,
Pedro Lucas,internacional,0,0,1,0,0.0,6.54,A/2019,1,0,1,0,1,0,0,12,75,0,,,,
Everton Felipe,athletico-paranaense,0,0,5,3,0.0,6.54,A/2019,2,0,0,0,0,2,0,86,72,3,,,,
Guilherme,fluminense,0,0,0,3,0.0,6.54,A/2019,3,0,3,0,0,2,0,108,85,7,,,,
Ramiro,corinthians,0,0,6,8,0.0,6.53,A/2019,24,5,8,0,0,2,1,427,82,14,,,,
Robinho,csa,0,0,3,1,0.0,6.53,A/2019,0,0,0,0,0,0,0,17,80,1,,,,
Da Silva,gremio,0,0,0,1,0.0,6.53,A/2019,0,0,0,0,0,0,0,4,66,0,,,,
David Terans,atletico-mineiro,0,0,2,3,0.0,6.53,A/2019,2,0,2,0,0,0,0,30,83,2,,,,
Mariano Vázquez,fortaleza,0,0,3,2,0.0,6.53,A/2019,9,2,0,0,0,1,0,45,77,1,,,,
Marquinho,vasco-da-gama,0,0,0,2,0.0,6.53,A/2019,4,2,4,0,0,0,0,78,82,4,,,,
Raniel,sao-paulo,1,4,6,16,6.25,6.53,A/2019,4,5,12,0,2,1,1,97,70,10,,,,
Caíque Sá,chapecoense,0,0,4,5,0.0,6.53,A/2019,7,4,10,0,0,0,0,94,78,1,,,,
Lucas Silva,flamengo,0,0,2,2,0.0,6.53,A/2019,2,0,0,0,1,1,0,44,86,1,,,,
Bruno Sávio,avai,0,0,5,1,0.0,6.52,A/2019,5,1,4,0,0,0,0,44,61,3,,,,
Pedrinho,athletico-paranaense,0,1,9,5,0.0,6.52,A/2019,5,0,0,0,0,0,0,35,72,3,,,,
Igor Cassio,botafogo,2,2,6,9,22.22,6.52,A/2019,4,2,5,0,1,1,0,92,67,6,,,,
Igor,avai,0,0,6,3,0.0,6.51,A/2019,2,0,2,0,0,0,0,58,80,3,,,,
Eduardo Kunde,avai,0,0,2,1,0.0,6.51,A/2019,18,17,56,1,4,0,0,366,80,0,,,,
Ricardo Goulart,palmeiras,0,0,0,0,0.0,6.5,A/2019,0,0,0,0,0,0,0,1,50,0,,,,
Caique França,corinthians,0,0,0,0,0.0,6.5,A/2019,0,0,0,0,0,0,0,6,75,0,0,0,0,0
Lucão,goias,0,0,0,0,0.0,6.5,A/2019,0,3,6,0,1,0,0,26,74,0,,,,
Perotti,chapecoense,0,0,0,0,0.0,6.5,A/2019,0,0,0,0,0,0,0,0,0,0,,,,
Felipe Felippi,gremio,0,0,0,0,0.0,6.5,A/2019,4,0,6,0,0,0,0,26,74,0,,,,
Emanuel Moura,gremio,0,0,0,0,0.0,6.5,A/2019,0,0,2,0,0,0,0,4,66,0,,,,
Matheus Matias,avai,0,0,1,1,0.0,6.5,A/2019,0,0,0,0,0,0,0,9,81,0,,,,
Guilherme Azevedo,gremio,0,0,0,0,0.0,6.5,A/2019,2,1,0,0,0,0,0,6,85,1,,,,
Ewandro,fluminense,0,0,1,0,0.0,6.5,A/2019,0,1,0,0,0,0,0,2,33,0,,,,
Rafael Santos,cruzeiro,0,0,0,1,0.0,6.5,A/2019,1,2,3,0,0,0,0,23,65,0,,,,
Kaio Jorge,santos,0,0,0,0,0.0,6.5,A/2019,0,0,0,0,0,0,0,6,85,0,,,,
Pablo Armero,csa,0,0,0,0,0.0,6.5,A/2019,3,0,3,0,0,0,0,27,61,1,,,,
Henrique Dourado,palmeiras,0,2,1,2,0.0,6.5,A/2019,1,1,0,0,0,0,0,7,70,0,,,,
Joel Tagueu,cruzeiro,0,1,3,2,0.0,6.5,A/2019,3,0,0,0,0,0,0,13,72,1,,,,
Rick,ceara-sc,0,0,2,1,0.0,6.5,A/2019,2,2,1,0,0,0,0,18,75,3,,,,
Vinicius,goias,0,0,3,0,0.0,6.5,A/2019,2,0,4,0,0,0,0,8,72,0,,,,
Júnior Santos,fortaleza,0,2,5,10,0.0,6.5,A/2019,7,2,6,0,0,0,0,39,72,3,,,,
Gabriel Lima,avai,0,2,3,4,0.0,6.5,A/2019,5,0,0,0,0,1,0,40,76,3,,,,
Fernando Uribe,santos,0,2,2,9,0.0,6.5,A/2019,3,0,1,0,0,0,0,61,70,1,,,,
Ramires,bahia,0,0,3,8,0.0,6.5,A/2019,18,2,3,0,2,1,0,231,86,11,,,,
Wescley,ceara-sc,0,0,8,5,0.0,6.5,A/2019,11,1,1,0,0,0,0,98,74,6,,,,
Pedro Ken,ceara-sc,0,0,3,3,0.0,6.5,A/2019,14,9,7,0,1,0,0,188,82,1,,,,
Alejandro Guerra,bahia,1,1,9,10,10.0,6.49,A/2019,12,4,1,0,0,1,2,272,80,14,,,,
Lucho González,athletico-paranaense,1,2,2,10,10.0,6.49,A/2019,8,14,6,0,1,1,0,281,78,8,,,,
Régis,chapecoense,0,0,14,17,0.0,6.49,A/2019,15,7,2,0,1,2,0,183,77,13,,,,
Bruno Alves de Souza,csa,0,0,9,2,0.0,6.49,A/2019,6,6,2,0,2,2,0,66,65,12,,,,
Lucas Halter,athletico-paranaense,0,2,2,5,0.0,6.49,A/2019,6,5,26,2,3,1,0,424,90,1,,,,
Carlos Eduardo,palmeiras,0,0,6,3,0.0,6.49,A/2019,2,2,0,0,1,0,0,43,79,4,,,,
Rhuan,botafogo,1,1,6,13,7.69,6.48,A/2019,4,0,0,0,1,1,0,75,75,4,,,,
Weverton,cruzeiro,0,0,1,1,0.0,6.48,A/2019,3,5,6,0,4,1,0,114,85,1,,,,
Ramón Martínez,atletico-mineiro,0,0,3,1,0.0,6.48,A/2019,13,9,8,0,3,0,0,286,84,3,,,,
Janderson,corinthians,2,0,42,15,13.33,6.48,A/2019,17,5,6,0,0,1,1,236,75,11,,,,
Jarro Pedroso,csa,1,0,1,2,50.0,6.48,A/2019,1,2,1,0,0,0,0,9,64,0,,,,
Matheus Alessandro,fortaleza,0,1,2,1,0.0,6.48,A/2019,2,2,0,0,0,0,0,42,82,2,,,,
Gabriel Pec,vasco-da-gama,0,1,3,0,0.0,6.47,A/2019,8,1,0,0,0,0,1,23,69,3,,,,
Derlis González,santos,1,6,12,9,11.11,6.47,A/2019,14,5,5,0,1,1,0,181,78,6,,,,
Nathan Otavio,fortaleza,0,1,1,1,0.0,6.46,A/2019,4,3,9,0,0,0,0,186,93,1,,,,
Ramires,palmeiras,0,1,0,5,0.0,6.46,A/2019,3,3,0,0,0,0,0,48,76,0,,,,
Airton,fluminense,0,0,6,0,0.0,6.45,A/2019,10,6,3,0,0,0,0,345,92,5,,,,
Warley,csa,0,0,8,2,0.0,6.45,A/2019,7,7,1,0,2,0,0,162,80,6,,,,
Phelipe Megiolaro,gremio,0,0,0,0,0.0,6.45,A/2019,0,0,2,0,0,0,0,16,53,0,6,0,3,0
Lucas Dias Costa,csa,0,0,0,0,0.0,6.45,A/2019,1,1,6,0,0,0,0,45,84,0,,,,
André Moritz,avai,0,0,0,4,0.0,6.45,A/2019,2,0,1,0,0,0,0,69,77,2,,,,
Victor Luis,palmeiras,0,1,1,3,0.0,6.44,A/2019,6,1,7,0,0,0,0,124,88,1,,,,
Rickson,botafogo,0,0,2,1,0.0,6.43,A/2019,1,0,2,0,0,0,0,57,85,0,,,,
Agenor,fluminense,0,0,0,0,0.0,6.43,A/2019,0,1,1,1,0,0,0,109,77,0,16,0,8,1
Léo Arthur,fluminense,0,0,5,3,0.0,6.43,A/2019,2,0,0,0,0,0,0,85,91,3,,,,
Mauricio,cruzeiro,1,1,0,3,33.33,6.43,A/2019,3,0,1,0,0,0,0,70,72,2,,,,
Wenderson,botafogo,0,0,0,0,0.0,6.43,A/2019,2,2,3,0,0,0,0,63,84,0,,,,
Hiago,chapecoense,0,0,1,0,0.0,6.42,A/2019,5,3,11,0,2,0,0,30,63,0,,,,
Brenner,avai,2,4,3,14,14.29,6.41,A/2019,5,1,11,0,1,0,0,121,69,5,,,,
Lucas Santos,vasco-da-gama,0,0,2,0,0.0,6.4,A/2019,0,0,0,0,0,0,0,1,33,0,,,,
Matheus Dantas,flamengo,0,0,0,0,0.0,6.4,A/2019,0,0,3,0,0,0,0,19,90,0,,,,
Rafinha,cruzeiro,0,0,1,0,0.0,6.4,A/2019,1,0,0,0,0,0,0,2,50,0,,,,
Jhonata Robert,gremio,0,0,0,1,0.0,6.4,A/2019,0,0,0,0,0,0,0,2,66,0,,,,
Richard,ceara-sc,0,0,0,0,0.0,6.4,A/2019,0,0,0,0,0,0,0,8,53,0,2,0,0,0
Giovanny,goias,0,0,1,0,0.0,6.4,A/2019,0,0,1,0,0,0,0,14,82,2,,,,
Alex Silva,avai,0,0,1,1,0.0,6.4,A/2019,1,3,2,0,0,0,0,23,69,1,,,,
Cristián Maidana,csa,0,0,0,0,0.0,6.4,A/2019,0,0,0,0,0,0,0,0,0,0,,,,
Ernandes,chapecoense,0,1,0,1,0.0,6.4,A/2019,2,1,3,0,0,0,0,31,79,1,,,,
Vinicius De Souza Costa,flamengo,0,0,0,0,0.0,6.4,A/2019,1,1,3,0,0,0,0,7,70,0,,,,
Wilson,atletico-mineiro,0,0,1,0,0.0,6.4,A/2019,0,0,2,1,0,0,0,41,62,0,9,0,4,0
Bruno Méndez,corinthians,0,0,0,0,0.0,6.4,A/2019,12,4,30,0,5,0,0,195,81,1,,,,
Junior Brandão,goias,0,2,0,6,0.0,6.4,A/2019,0,1,0,0,0,0,0,14,100,1,,,,
Rodolfo,fluminense,0,0,1,0,0.0,6.4,A/2019,1,0,8,0,0,0,0,103,74,1,16,0,11,2
Sidão,vasco-da-gama,0,0,1,0,0.0,6.4,A/2019,0,0,9,1,0,0,0,75,59,0,12,0,3,1
Marlon,fortaleza,0,0,1,2,0.0,6.37,A/2019,22,4,4,0,1,1,0,138,84,3,,,,
Victor Paraíba,csa,0,2,5,3,0.0,6.37,A/2019,6,1,1,0,0,0,1,55,73,2,,,,
Caio,athletico-paranaense,0,0,0,0,0.0,6.37,A/2019,0,0,3,1,0,0,0,46,64,0,5,0,4,0
Lucas Venuto,santos,0,0,3,1,0.0,6.37,A/2019,0,0,0,0,0,0,0,22,75,2,,,,
Lucas Barros,botafogo,0,0,5,0,0.0,6.37,A/2019,11,4,22,0,1,0,0,175,79,2,,,,
Kaio,goias,0,2,16,5,0.0,6.36,A/2019,5,2,1,0,0,1,1,52,67,5,,,,
Luiz Gustavo,vasco-da-gama,0,2,0,2,0.0,6.35,A/2019,0,3,7,0,2,0,0,50,76,1,,,,
Marquinhos Calazans,sao-paulo,0,0,1,1,0.0,6.35,A/2019,6,0,1,0,0,0,0,61,88,3,,,,
Paulo Roberto,fortaleza,0,0,4,1,0.0,6.35,A/2019,7,1,5,0,2,0,0,99,83,0,,,,
Christian Cueva,santos,0,0,2,0,0.0,6.34,A/2019,4,1,0,0,0,0,0,83,83,2,,,,
Bruno Ramires,csa,0,0,1,0,0.0,6.33,A/2019,1,1,1,0,0,0,0,40,85,1,,,,
Breno,goias,0,0,6,3,0.0,6.33,A/2019,13,8,0,0,1,0,0,106,86,2,,,,
Clayton,vasco-da-gama,0,3,1,7,0.0,6.33,A/2019,4,0,1,0,0,0,0,33,73,1,,,,
Gustavo Ferrareis,avai,0,1,7,13,0.0,6.32,A/2019,5,2,4,0,0,0,0,151,82,5,,,,
Ezequiel,bahia,0,0,1,0,0.0,6.32,A/2019,6,4,11,0,1,0,0,132,74,0,,,,
Kelvin,fluminense,0,0,0,0,0.0,6.3,A/2019,0,0,0,0,0,0,0,2,66,0,,,,
Alan Santos,botafogo,0,0,0,1,0.0,6.3,A/2019,1,3,1,0,1,0,0,43,84,1,,,,
Zé Marcos,avai,0,0,0,1,0.0,6.27,A/2019,1,1,6,0,0,0,0,97,82,0,,,,
Dalberto,chapecoense,0,2,5,5,0.0,6.25,A/2019,5,0,4,0,0,2,1,59,68,6,,,,
Felipe Candido,goias,0,0,0,0,0.0,6.25,A/2019,0,0,1,0,0,0,0,15,75,0,,,,
Marcinho,goias,0,0,0,1,0.0,6.23,A/2019,0,0,0,0,0,0,0,16,80,0,,,,
Arthur Cabral,palmeiras,0,1,0,1,0.0,6.2,A/2019,0,0,0,0,0,0,0,7,63,0,,,,
Bill,flamengo,0,0,0,0,0.0,6.2,A/2019,0,0,0,0,0,0,0,12,85,0,,,,
Miranda,vasco-da-gama,0,0,1,0,0.0,6.2,A/2019,2,0,3,0,0,0,0,16,84,2,,,,
Bruno Silva,vasco-da-gama,0,0,1,0,0.0,6.2,A/2019,1,0,2,0,1,0,0,38,97,0,,,,
Jean Carlos,goias,0,0,0,0,0.0,6.2,A/2019,0,0,0,0,0,0,0,3,60,0,,,,
Glédson,avai,0,0,0,0,0.0,6.2,A/2019,0,0,1,0,0,0,0,6,75,0,1,0,0,0
Matheus Prado,csa,0,0,0,0,0.0,6.2,A/2019,0,0,0,0,0,0,0,3,75,1,,,,
Carlos Gabriel,atletico-mineiro,0,0,1,0,0.0,6.15,A/2019,4,2,2,0,1,0,0,30,69,1,,,,
Ruan,gremio,0,0,1,0,0.0,6.1,A/2019,0,1,5,0,0,0,0,25,83,0,,,,
Anderson,bahia,0,0,0,0,0.0,6.1,A/2019,0,0,2,0,0,0,0,6,54,0,1,0,0,0
Zé Gabriel,internacional,0,0,0,0,0.0,6.05,A/2019,0,0,2,0,0,0,0,19,79,1,,,,
Bruno,internacional,0,0,3,1,0.0,6.04,A/2019,7,8,9,0,1,0,0,158,76,0,,,,
Dudu,goias,0,0,2,0,0.0,6.03,A/2019,2,0,1,0,0,0,0,15,78,2,,,,
Wesley Soares,avai,0,0,0,3,0.0,6.02,A/2019,9,5,2,0,1,0,0,181,80,5,,,,
Gabriel Batista,flamengo,0,0,0,0,0.0,6.0,A/2019,0,0,0,0,0,0,0,1,33,0,0,0,0,0
Marcão,goias,0,0,0,0,0.0,6.0,A/2019,0,0,1,0,0,0,0,5,50,0,1,0,1,0
Adalberto,fortaleza,0,0,0,0,0.0,6.0,A/2019,0,1,8,0,0,0,0,13,68,0,,,,
Caio,fluminense,0,0,0,1,0.0,5.1,A/2019,0,0,0,0,0,0,0,19,86,0,,,,
Sandry,santos,0,0,0,0,0.0,0.0,A/2019,0,0,0,0,0,0,0,0,0,0,,,,
Juan,flamengo,0,0,0,0,0.0,0.0,A/2019,0,0,1,0,0,0,0,5,100,0,,,,
Jaderson,athletico-paranaense,0,0,0,0,0.0,0.0,A/2019,0,0,0,0,0,0,0,2,100,0,,,,
Paulo Ricardo,goias,0,0,0,0,0.0,0.0,A/2019,0,0,0,0,0,0,0,0,0,0,,,,
